{"cameraMode":{"drawMode":0,"name":"Shaded","section":"Shading Mode"},"sceneLighting":false,"audioPlay":false,"sceneViewState":{"showFog":true,"showMaterialUpdate":false,"showSkybox":true,"showFlares":true,"showImageEffects":true,"showParticleSystems":true,"showVisualEffectGraphs":true,"m_FxEnabled":true},"in2DMode":false,"pivot":{"x":48.086788177490237,"y":-123.71434020996094,"z":161.88877868652345},"rotation":{"x":-0.33335068821907046,"y":-0.13425086438655854,"z":0.048126187175512317,"w":-0.932020902633667},"size":107.1996841430664,"orthographic":false}