{"cameraMode":{"drawMode":0,"name":"Shaded","section":"Shading Mode"},"sceneLighting":false,"audioPlay":false,"sceneViewState":{"showFog":true,"showMaterialUpdate":false,"showSkybox":true,"showFlares":true,"showImageEffects":true,"showParticleSystems":true,"showVisualEffectGraphs":true,"m_FxEnabled":true},"in2DMode":false,"pivot":{"x":-2.3895068168640138,"y":-0.008241642266511917,"z":0.16234776377677918},"rotation":{"x":-0.05083322525024414,"y":-0.6738696098327637,"z":0.04657958447933197,"w":-0.7356559634208679},"size":3.1837780475616457,"orthographic":false}