{"cameraMode":{"drawMode":0,"name":"Shaded","section":"Shading Mode"},"sceneLighting":false,"audioPlay":false,"sceneViewState":{"showFog":true,"showMaterialUpdate":false,"showSkybox":true,"showFlares":true,"showImageEffects":true,"showParticleSystems":true,"showVisualEffectGraphs":true,"m_FxEnabled":true},"in2DMode":false,"pivot":{"x":1.5108065605163575,"y":1.4918214082717896,"z":-0.3181304931640625},"rotation":{"x":-0.002247603377327323,"y":-0.9791520833969116,"z":-0.010872247628867627,"w":0.20286661386489869},"size":5.717160224914551,"orthographic":false}