{"cameraMode":{"drawMode":0,"name":"Shaded","section":"Shading Mode"},"sceneLighting":false,"audioPlay":false,"sceneViewState":{"showFog":true,"showMaterialUpdate":false,"showSkybox":true,"showFlares":true,"showImageEffects":true,"showParticleSystems":true,"showVisualEffectGraphs":true,"m_FxEnabled":true},"in2DMode":false,"pivot":{"x":0.18897214531898499,"y":2.8319644927978517,"z":0.37401294708251955},"rotation":{"x":-0.2039230763912201,"y":0.0361243337392807,"z":-0.007526631001383066,"w":-0.9783169031143189},"size":5.607710361480713,"orthographic":false}